date, state, confirmed case, confirmed new, discharged case, discharged new, death case, death new, active cases, days since last reported case,
01-05-2020, Lagos, 1006, Nan, 225, Nan, 28, Nan, Nan, Nan,
01-05-2020, Kano, 311, Nan, 0, Nan, 3, Nan, Nan, Nan,
01-05-2020, FCT, 214, Nan, 36, Nan, 3, Nan, Nan, Nan,
01-05-2020, Gombe, 92, Nan, 0, Nan, 0, Nan, Nan, Nan,
01-05-2020, Borno, 69, Nan, 0, Nan, 6, Nan, Nan, Nan,
01-05-2020, Ogun, 56, Nan, 8, Nan, 1, Nan, Nan, Nan,
01-05-2020, Bauchi, 48, Nan, 6, Nan, 0, Nan, Nan, Nan,
01-05-2020, Edo, 47, Nan, 10, Nan, 3, Nan, Nan, Nan,
01-05-2020, Sokoto, 41, Nan, 1, Nan, 7, Nan, Nan, Nan,
01-05-2020, Katsina, 40, Nan, 6, Nan, 2, Nan, Nan, Nan,
01-05-2020, Kaduna, 35, Nan, 6, Nan, 1, Nan, Nan, Nan,
01-05-2020, Osun, 34, Nan, 18, Nan, 3, Nan, Nan, Nan,
01-05-2020, Oyo, 29, Nan, 9, Nan, 2, Nan, Nan, Nan,
01-05-2020, Delta, 17, Nan, 4, Nan, 2, Nan, Nan, Nan,
01-05-2020, Akwa, 16, Nan, 10, Nan, 2, Nan, Nan, Nan,
01-05-2020, Kwara, 14, Nan, 2, Nan, 0, Nan, Nan, Nan,
01-05-2020, Rivers, 14, Nan, 2, Nan, 2, Nan, Nan, Nan,
01-05-2020, Ondo, 13, Nan, 3, Nan, 0, Nan, Nan, Nan,
01-05-2020, Ekiti, 11, Nan, 2, Nan, 1, Nan, Nan, Nan,
01-05-2020, Zamfara, 9, Nan, 0, Nan, 1, Nan, Nan, Nan,
01-05-2020, Taraba, 8, Nan, 0, Nan, 0, Nan, Nan, Nan,
01-05-2020, Jigawa, 7, Nan, 0, Nan, 1, Nan, Nan, Nan,
01-05-2020, Nasarawa, 7, Nan, 0, Nan, 0, Nan, Nan, Nan,
01-05-2020, Bayelsa, 5, Nan, 0, Nan, 0, Nan, Nan, Nan,
01-05-2020, Yobe, 4, Nan, 0, Nan, 0, Nan, Nan, Nan,
01-05-2020, Enugu, 4, Nan, 2, Nan, 0, Nan, Nan, Nan,
01-05-2020, Adamawa, 4, Nan, 0, Nan, 0, Nan, Nan, Nan,
01-05-2020, Niger, 3, Nan, 0, Nan, 0, Nan, Nan, Nan,
01-05-2020, Ebonyi, 3, Nan, 0, Nan, 0, Nan, Nan, Nan,
01-05-2020, Imo, 2, Nan, 0, Nan, 0, Nan, Nan, Nan,
01-05-2020, Abia, 2, Nan, 0, Nan, 0, Nan, Nan, Nan,
01-05-2020, Kebbi, 2, Nan, 0, Nan, 0, Nan, Nan, Nan,
01-05-2020, Anambra, 1, Nan, 1, Nan, 0, Nan, Nan, Nan,
01-05-2020, Plateau, 1, Nan, 0, Nan, 0, Nan, Nan, Nan,
01-05-2020, Benue, 1, Nan, 0, Nan, 0, Nan, Nan, Nan,
30-04-2020, Lagos, 976, Nan, 199, Nan, 21, Nan, 756, Nan
30-04-2020, FCT, 178, Nan, 36, Nan, 3, Nan, 139, Nan
30-04-2020, Kano, 219, Nan, 0, Nan, 3, Nan, 216, Nan
30-04-2020, Gombe, 76, Nan, 0, Nan, 0, Nan, 76, Nan
30-04-2020, Borno, 66, Nan, 0, Nan, 6, Nan, 60, Nan
30-04-2020, Ogun, 56, Nan, 8, Nan, 1, Nan, 47, Nan
30-04-2020, Edo, 44, Nan, 10, Nan, 3, Nan, 31, Nan
30-04-2020, Katsina, 40, Nan, 0, Nan, 2, Nan, 38, Nan
30-04-2020, Bauchi, 38, Nan, 6, Nan, 0, Nan, 32, Nan
30-04-2020, Sokoto, 36, Nan, 1, Nan, 4, Nan, 31, Nan
30-04-2020, Kaduna, 35, Nan, 6, Nan, 1, Nan, 28, Nan
30-04-2020, Osun, 34, Nan, 18, Nan, 3, Nan, 13, Nan
30-04-2020, Oyo, 23, Nan, 9, Nan, 2, Nan, 12, Nan
30-04-2020, Akwa, 16, Nan, 10, Nan, 2, Nan, 4, Nan
30-04-2020, Rivers, 13, Nan, 2, Nan, 2, Nan, 9, Nan
30-04-2020, Kwara, 11, Nan, 2, Nan, 0, Nan, 9, Nan
30-04-2020, Ondo, 9, Nan, 3, Nan, 0, Nan, 6, Nan
30-04-2020, Delta, 9, Nan, 4, Nan, 2, Nan, 3, Nan
30-04-2020, Ekiti, 8, Nan, 2, Nan, 1, Nan, 5, Nan
30-04-2020, Taraba, 8, Nan, 0, Nan, 0, Nan, 8, Nan
30-04-2020, Jigawa, 7, Nan, 0, Nan, 1, Nan, 6, Nan
30-04-2020, Bayelsa, 5, Nan, 0, Nan, 0, Nan, 5, Nan
30-04-2020, Zamfara, 4, Nan, 0, Nan, 1, Nan, 3, Nan
30-04-2020, Enugu, 3, Nan, 2, Nan, 0, Nan, 1, Nan
30-04-2020, Nasarawa, 3, Nan, 0, Nan, 0, Nan, 3, Nan
30-04-2020, Abia, 2, Nan, 0, Nan, 0, Nan, 2, Nan
30-04-2020, Niger, 2, Nan, 0, Nan, 0, Nan, 2, Nan
30-04-2020, Adamawa, 2, Nan, 0, Nan, 0, Nan, 2, Nan
30-04-2020, Ebonyi, 2, Nan, 0, Nan, 0, Nan, 2, Nan
30-04-2020, Kebbi, 2, Nan, 0, Nan, 0, Nan, 2, Nan
30-04-2020, Benue, 1, Nan, 0, Nan, 0, Nan, 1, Nan
30-04-2020, Anambra, 1, Nan, 1, Nan, 0, Nan, 0, Nan
30-04-2020, Plateau, 1, Nan, 0, Nan, 0, Nan, 1, Nan
30-04-2020, Imo, 1, Nan, 0, Nan, 0, Nan, 1, Nan
30-04-2020, Yobe, 1, Nan, 0, Nan, 0, Nan, 1, Nan
30-04-2020, Kogi, 0, Nan, 0, Nan, 0,Nan,0,Nan
29-04-2020, Lagos, 931, 87, 192, 49, 21, 2, 718, 0
29-04-2020, FCT, 174, 16, 36, 0, 3, 0, 135, 0
29-04-2020, Kano, 139, 24, 0, 0, 3, 2, 136, 0
29-04-2020, Gombe, 64, 18, 0, 0, 0, 0, 64, 0
29-04-2020, Borno, 59, 6, 0, 0, 5, 3, 54, 0
29-04-2020, Ogun, 50, 0, 6, 0, 1, 0, 43, 1
29-04-2020, Katsina, 40, 10, 0, 0, 2, 0, 38, 0
29-04-2020, Edo, 37, 7, 9, 1, 3, 0, 25, 0
29-04-2020, Osun, 34, 0, 18, 0, 2, 0, 14, 3
29-04-2020, Kaduna, 32, 17, 6, 0, 0, 0, 26, 0
29-04-2020, Bauchi, 29, 0, 6, 0, 0, 0, 23, 1
29-04-2020, Sokoto, 27, 8, 0, 0, 3, 0, 24, 0
29-04-2020, Oyo, 21, 0, 9, 0, 2, 0, 10, 3
29-04-2020, Akwa, 12, 0, 9, 0, 1, 0, 2, 3
29-04-2020, Kwara, 11, 0, 2, 0, 0, 0, 9, 6
29-04-2020, Ekiti, 8, 0, 2, 0, 1, 0, 5, 4
29-04-2020, Ondo, 8, 0, 3, 0, 0, 0, 5, 3
29-04-2020, Taraba, 8, 0, 0, 0, 0, 0, 8, 2
29-04-2020, Delta, 7, 0, 4, 2, 2, 0, 1, 1
29-04-2020, Jigawa, 7, 0, 0, 0, 0, 0, 7, 1
29-04-2020, Rivers, 7, 0, 2, 0, 2, 0, 3, 1
29-04-2020, Zamfara, 4, 0, 0, 0, 0, 0, 4, 1
29-04-2020, Enugu, 3, 0, 2, 0, 0, 0, 1, 1
29-04-2020, Abia, 2, 0, 0, 0, 0, 0, 2, 9
29-04-2020, Adamawa, 2, 1, 0, 0, 0, 0, 2, 0
29-04-2020, Ebonyi, 2, 1, 0, 0, 0, 0, 2, 0
29-04-2020, Niger, 2, 0, 0, 0, 0, 0, 2, 14
29-04-2020, Anambra, 1, 0, 1, 0, 0, 0, 0, 19
29-04-2020, Bayelsa, 1, 0, 0, 0, 0, 0, 1, 3
29-04-2020, Benue, 1, 0, 0, 0, 0, 0, 1, 32
29-04-2020, Imo, 1, 0, 0, 0, 0, 0, 1, 4
29-04-2020, Kebbi, 1, 0, 0, 0, 0, 0, 1, 3
29-04-2020, Nasarawa, 1, 0, 0, 0, 0, 0, 1, 1
29-04-2020, Plateau, 1, 0, 0, 0, 0, 0, 1, 6
29-04-2020, Yobe, 1, 1, 0, 0, 0, 0, 1, 0
28-04-2020, Lagos, 844, 80, 143, 0, 19, 0, 682, 0
28-04-2020, FCT, 158, 1, 36, 0, 3, 0, 119, 0
28-04-2020, Kano, 115, 38, 0, 0, 1, 0, 114, 0
28-04-2020, Borno, 53, 11, 0, 0, 2, 0, 51, 0
28-04-2020, Ogun, 50, 15, 6, 1, 1, 0, 43, 0
28-04-2020, Gombe, 46, 10, 0, 0, 0, 0, 46, 0
28-04-2020, Osun, 34, 0, 18, 0, 2, 0, 14, 2
28-04-2020, Edo, 30, 5, 8, 0, 3, 0, 19, 0
28-04-2020, Katsina, 30, 0, 0, 0, 2, 0, 28, 3
28-04-2020, Bauchi, 29, 15, 6, 0, 0, 0, 23, 0
28-04-2020, Oyo, 21, 0, 9, 0, 2, 0, 10, 2
28-04-2020, Sokoto, 19, 9, 0, 0, 3, 3, 16, 0
28-04-2020, Kaduna, 15, 0, 6, 0, 0, 0, 9, 2
28-04-2020, Akwa, 12, 0, 9, 0, 1, 0, 2, 2
28-04-2020, Kwara, 11, 0, 2, 0, 0, 0, 9, 5
28-04-2020, Ekiti, 8, 0, 2, 0, 1, 0, 5, 3
28-04-2020, Ondo, 8, 0, 3, 1, 0, 0, 5, 2
28-04-2020, Taraba, 8, 0, 0, 0, 0, 0, 8, 1
28-04-2020, Delta, 7, 1, 2, 2, 2, 1, 3, 0
28-04-2020, Jigawa, 7, 5, 0, 0, 0, 0, 7, 0
28-04-2020, Rivers, 7, 1, 2, 0, 2, 0, 3, 0
28-04-2020, Zamfara, 4, 2, 0, 0, 0, 0, 4, 0
28-04-2020, Enugu, 3, 1, 2, 0, 0, 0, 1, 0
28-04-2020, Abia, 2, 0, 0, 0, 0, 0, 2, 8
28-04-2020, Niger, 2, 0, 0, 0, 0, 0, 2, 13
28-04-2020, Adamawa, 1, 0, 0, 0, 0, 0, 1, 6
28-04-2020, Anambra, 1, 0, 1, 0, 0, 0, 0, 18
28-04-2020, Bayelsa, 1, 0, 0, 0, 0, 0, 1, 2
28-04-2020, Benue, 1, 0, 0, 0, 0, 0, 1, 31
28-04-2020, Ebonyi, 1, 0, 0, 0, 0, 0, 1, 2
28-04-2020, Imo, 1, 0, 0, 0, 0, 0, 1, 3
28-04-2020, Kebbi, 1, 0, 0, 0, 0, 0, 1, 2
28-04-2020, Nasarawa, 1, 1, 0, 0, 0, 0, 1, 0
28-04-2020, Plateau, 1, 0, 0, 0, 0, 0, 1, 5
27-04-2020, Lagos, 764, 34, 143, 15, 19, 0, 602, 0
27-04-2020, FCT, 157, 15, 36, 1, 3, 0, 118, 0
27-04-2020, Kano, 77, 0, 0, 0, 1, 0, 76, 2
27-04-2020, Borno, 41, 11, 0, 0, 2, 0, 39, 0
27-04-2020, Gombe, 37, 2, 0, 0, 0, 0, 37, 0
27-04-2020, Ogun, 35, 0, 5, 0, 1, 0, 29, 3
27-04-2020, Osun, 34, 0, 18, 0, 2, 0, 14, 1
27-04-2020, Katsina, 30, 0, 0, 0, 2, 0, 28, 2
27-04-2020, Edo, 25, 0, 8, 0, 3, 0, 14, 1
27-04-2020, Oyo, 21, 0, 9, 0, 2, 0, 10, 1
27-04-2020, Kaduna, 15, 0, 6, 0, 0, 0, 9, 1
27-04-2020, Bauchi, 14, 0, 6, 0, 0, 0, 8, 1
27-04-2020, Akwa, 12, 0, 9, 0, 1, 0, 2, 1
27-04-2020, Kwara, 11, 0, 2, 0, 0, 0, 9, 4
27-04-2020, Sokoto, 10, 0, 0, 0, 0, 0, 10, 1
27-04-2020, Ekiti, 8, 0, 2, 0, 1, 0, 5, 2
27-04-2020, Ondo, 8, 0, 2, 0, 0, 0, 6, 1
27-04-2020, Taraba, 8, 2, 0, 0, 0, 0, 8, 0
27-04-2020, Delta, 6, 0, 0, 0, 1, 0, 5, 5
27-04-2020, Rivers, 6, 0, 2, 0, 2, 0, 2, 1
27-04-2020, Abia, 2, 0, 0, 0, 0, 0, 2, 7
27-04-2020, Enugu, 2, 0, 2, 0, 0, 0, 0, 31
27-04-2020, Jigawa, 2, 0, 0, 0, 0, 0, 2, 8
27-04-2020, Niger, 2, 0, 0, 0, 0, 0, 2, 12
27-04-2020, Zamfara, 2, 0, 0, 0, 0, 0, 2, 3
27-04-2020, Adamawa, 1, 0, 0, 0, 0, 0, 1, 5
27-04-2020, Anambra, 1, 0, 1, 0, 0, 0, 0, 17
27-04-2020, Bayelsa, 1, 0, 0, 0, 0, 0, 1, 1
27-04-2020, Benue, 1, 0, 0, 0, 0, 0, 1, 30
27-04-2020, Ebonyi, 1, 0, 0, 0, 0, 0, 1, 1
27-04-2020, Imo, 1, 0, 0, 0, 0, 0, 1, 2
27-04-2020, Kebbi, 1, 0, 0, 0, 0, 0, 1, 1
27-04-2020, Plateau, 1, 0, 0, 0, 0, 0, 1, 4
26-04-2020, Lagos, 731, 43, 128, 6, 19, 0, 584, 0
26-04-2020, FCT, 141, 3, 35, 0, 3, 0, 103, 0
26-04-2020, Kano, 77, 0, 0, 0, 1, 0, 76, 1
26-04-2020, Gombe, 35, 5, 0, 0, 0, 0, 35, 0
26-04-2020, Ogun, 35, 0, 5, 0, 1, 0, 29, 2
26-04-2020, Osun, 34, 2, 18, 0, 2, 2, 14, 0
26-04-2020, Borno, 30, 0, 0, 0, 2, 0, 28, 1
26-04-2020, Katsina, 30, 0, 4, 0, 2, 1, 24, 1
26-04-2020, Edo, 25, 3, 8, 1, 3, 0, 14, 0
26-04-2020, Oyo, 21, 3, 9, 4, 2, 1, 10, 0
26-04-2020, Kaduna, 15, 5, 6, 2, 0, 0, 9, 0
26-04-2020, Bauchi, 14, 3, 6, 1, 0, 0, 8, 0
26-04-2020, Akwa, 12, 1, 9, 3, 1, 0, 2, 0
26-04-2020, Kwara, 11, 0, 2, 0, 0, 0, 9, 3
26-04-2020, Sokoto, 10, 8, 0, 0, 0, 0, 10, 0
26-04-2020, Ekiti, 8, 0, 2, 0, 1, 0, 5, 1
26-04-2020, Ondo, 8, 3, 2, 0, 0, 0, 6, 0
26-04-2020, Delta, 6, 0, 0, 0, 1, 0, 5, 4
26-04-2020, Rivers, 6, 3, 2, 0, 2, 1, 2, 0
26-04-2020, Taraba, 6, 6, 0, 0, 0, 0, 6, 0
26-04-2020, Abia, 2, 0, 0, 0, 0, 0, 2, 6
26-04-2020, Enugu, 2, 0, 2, 0, 0, 0, 0, 30
26-04-2020, Jigawa, 2, 0, 0, 0, 0, 0, 2, 7
26-04-2020, Niger, 2, 0, 0, 0, 0, 0, 2, 11
26-04-2020, Zamfara, 2, 0, 0, 0, 0, 0, 2, 2
26-04-2020, Adamawa, 1, 0, 0, 0, 0, 0, 1, 4
26-04-2020, Anambra, 1, 0, 1, 0, 0, 0, 0, 16
26-04-2020, Bayelsa, 1, 1, 0, 0, 0, 0, 1, 0
26-04-2020, Benue, 1, 0, 0, 0, 0, 0, 1, 29
26-04-2020, Ebonyi, 1, 1, 0, 0, 0, 0, 1, 0
26-04-2020, Imo, 1, 0, 0, 0, 0, 0, 1, 1
26-04-2020, Kebbi, 1, 1, 0, 0, 0, 0, 1, 0
26-04-2020, Plateau, 1, 0, 0, 0, 0, 0, 1, 3
25-04-2020, Lagos, 689, 33, 122, 6, 19, 3, 548, 0,
25-04-2020, FCT, 138, 0, 35, 0, 3, 0, 100, 1,
25-04-2020, Kano, 77, 4, 0, 0, 1, 0, 76, 0,
25-04-2020, Ogun, 35, 0, 5, 0, 1, 0, 29, 1,
25-04-2020, Osun, 32, 12, 18, 0, 0, 0, 14, 0,
25-04-2020, Borno, 30, 18, 0, 0, 2, 0, 28, 0,
25-04-2020, Gombe, 30, 0, 0, 0, 0, 0, 30, 1,
25-04-2020, Katsina, 30, 9, 4, 4, 1, 0, 25, 0,
25-04-2020, Edo, 22, 3, 7, 0, 3, 0, 12, 0,
25-04-2020, Oyo, 18, 0, 5, 0, 1, 0, 12, 1,
25-04-2020, Akwa Ibom, 11, 0, 6, 3, 1, 0, 4, 2,
25-04-2020, Bauchi, 11, 3, 5, 0, 0, 0, 6, 0,
25-04-2020, Kwara, 11, 0, 2, 0, 0, 0, 9, 2,
25-04-2020, Kaduna, 10, 0, 4, 0, 0, 0, 6, 1,
25-04-2020, Ekiti, 8, 4, 2, 0, 1, 0, 5, 0,
25-04-2020, Delta, 6, 0, 0, 0, 1, 0, 5, 3,
25-04-2020, Ondo, 4, 0, 2, 0, 0, 0, 2, 12,
25-04-2020, Rivers, 3, 0, 2, 0, 1, 0, 0, 4,
25-04-2020, Abia, 2, 0, 0, 0, 0, 0, 2, 5,
25-04-2020, Enugu, 2, 0, 2, 0, 0, 0, 0, 29,
25-04-2020, Jigawa, 2, 0, 0, 0, 0, 0, 2, 6,
25-04-2020, Niger, 2, 0, 0, 0, 0, 0, 2, 10,
25-04-2020, Sokoto, 2, 0, 0, 0, 0, 0, 2, 1,
25-04-2020, Zamfara, 2, 0, 0, 0, 0, 0, 2, 1,
25-04-2020, Adamawa, 1, 0, 0, 0, 0, 0, 1, 3,
25-04-2020, Anambra, 1, 0, 1, 1, 0, 0, 0, 15,
25-04-2020, Benue, 1, 0, 0, 0, 0, 0, 1, 28,
25-04-2020, Imo, 1, 1, 0, 0, 0, 0, 1, 0,
25-04-2020, Plateau, 1, 0, 0, 0, 0, 0, 1, 2,
24-04-2020, Lagos, 662, 80, 116, 10, 16, 0, 530, 0,
24-04-2020, FCT, 138, 5, 35, 0, 3, 0, 100, 0,
24-04-2020, Kano, 73, 0, 0, 0, 1, 0, 72, 3,
24-04-2020, Gombe, 30, 21, 0, 0, 0, 0, 30, 0,
24-04-2020, Ogun, 30, 1, 5, 0, 1, 0, 24, 0,
24-04-2020, Katsina, 21, 0, 0, 0, 1, 0, 20, 2,
24-04-2020, Osun, 20, 0, 18, 0, 0, 0, 2, 21,
24-04-2020, Edo, 19, 2, 7, 0, 3, 1, 9, 0,
24-04-2020, Oyo, 18, 1, 5, 0, 1, 0, 12, 0,
24-04-2020, Borno, 12, 0, 0, 0, 2, 0, 10, 1,
24-04-2020, Akwa, 11, 0, 3, 0, 1, 0, 7, 1,
24-04-2020, Kwara, 11, 0, 2, 0, 0, 0, 9, 1,
24-04-2020, Kaduna, 10, 1, 4, 0, 0, 0, 6, 0,
24-04-2020, Bauchi, 8, 0, 5, 0, 0, 0, 3, 3,
24-04-2020, Delta, 6, 0, 0, 0, 1, 0, 5, 2,
24-04-2020, Ekiti, 4, 0, 2, 0, 1, 0, 1, 4,
24-04-2020, Ondo, 3, 0, 2, 1, 0, 0, 1, 11,
24-04-2020, Rivers, 3, 0, 2, 0, 1, 0, 0, 3,
24-04-2020, Abia, 2, 0, 0, 0, 0, 0, 2, 4,
24-04-2020, Enugu, 2, 0, 2, 0, 0, 0, 0, 28,
24-04-2020, Jigawa, 2, 0, 0, 0, 0, 0, 2, 5,
24-04-2020, Niger, 2, 0, 0, 0, 0, 0, 2, 9,
24-04-2020, Sokoto, 2, 1, 0, 0, 0, 0, 2, 0,
24-04-2020, Zamfara, 2, 2, 0, 0, 0, 0, 2, 0,
24-04-2020, Adamawa, 1, 0, 0, 0, 0, 0, 1, 2,
24-04-2020, Anambra, 1, 0, 0, 0, 0, 0, 1, 14,
24-04-2020, Benue, 1, 0, 0, 0, 0, 0, 1, 27,
24-04-2020, Plateau, 1, 0, 0, 0, 0, 0, 1, 1,
23-04-2020, Lagos, 582, 78, 106, 0, 16, 1, 460, 0,
23-04-2020, FCT, 133, 14, 35, 0, 3, 0, 95, 0,
23-04-2020, Kano, 73, 0, 0, 0, 1, 0, 72, 2,
23-04-2020, Ogun, 29, 5, 5, 0, 1, 1, 23, 0,
23-04-2020, Katsina, 21, 0, 0, 0, 1, 0, 20, 1,
23-04-2020, Osun, 20, 0, 18, 0, 0, 0, 2, 20,
23-04-2020, Oyo, 17, 0, 5, 0, 1, 0, 11, 1,
23-04-2020, Edo, 17, 0, 7, 0, 2, 0, 8, 1,
23-04-2020, Borno, 12, 3, 0, 0, 2, 0, 10, 0,
23-04-2020, Kwara, 11, 1, 2, 0, 0, 0, 9, 0,
23-04-2020, Akwa, 11, 2, 3, 0, 1, 0, 7, 0,
23-04-2020, Kaduna, 9, 0, 4, 0, 0, 0, 5, 3,
23-04-2020, Gombe, 9, 4, 0, 0, 0, 0, 9, 0,
23-04-2020, Bauchi, 8, 0, 5, 0, 0, 0, 3, 2,
23-04-2020, Delta, 6, 0, 0, 0, 1, 0, 5, 1,
23-04-2020, Ekiti, 4, 0, 2, 0, 1, 0, 1, 3,
23-04-2020, Ondo, 3, 0, 1, 0, 0, 0, 2, 10,
23-04-2020, Rivers, 3, 0, 2, 0, 1, 1, 0, 2,
23-04-2020, Niger, 2, 0, 0, 0, 0, 0, 2, 8,
23-04-2020, Enugu, 2, 0, 2, 0, 0, 0, 0, 27,
23-04-2020, Jigawa, 2, 0, 0, 0, 0, 0, 2, 4,
23-04-2020, Abia, 2, 0, 0, 0, 0, 0, 2, 3,
23-04-2020, Benue, 1, 0, 0, 0, 0, 0, 1, 26,
23-04-2020, Anambra, 1, 0, 0, 0, 0, 0, 1, 13,
23-04-2020, Sokoto, 1, 0, 0, 0, 0, 0, 1, 3,
23-04-2020, Adamawa, 1, 0, 0, 0, 0, 0, 1, 1,
23-04-2020, Plateau, 1, 1, 0, 0, 0, 0, 1, 0,
22-04-2020, Lagos, 504 ,74, 106, 0, 15, 0, 383, 0,
22-04-2020, FCT, 119, 1, 35, 0, 3, 0, 81, 0,
22-04-2020, Kano, 73, 0, 0, 0, 1, 0, 72, 1,
22-04-2020, Ogun, 24, 4, 5, 0, 0, 0, 19, 0,
22-04-2020, Katsina, 21, 5, 0, 0, 1, 0, 20, 0,
22-04-2020, Osun, 20, 0, 18, 0, 0, 0, 2, 19,
22-04-2020, Oyo, 17, 1, 5, 0, 1, 1, 11, 0,
22-04-2020, Edo, 17, 2, 7, 0, 2, 0, 8, 0,
22-04-2020, Kwara, 10, 1, 2, 0, 0, 0, 8, 0,
22-04-2020, Akwa, 9, 0, 3, 0, 1, 0, 5, 3,
22-04-2020, Kaduna, 9, 0, 4, 0, 0, 0, 5, 2,
22-04-2020, Borno, 9, 0, 0, 0, 2, 1, 7, 1,
22-04-2020, Bauchi, 8, 0, 5, 0, 0, 0, 3, 1,
22-04-2020, Delta, 6, 2, 0, 0, 1, 0, 5, 0,
22-04-2020, Gombe, 5, 0, 0, 0, 0, 0, 5, 7,
22-04-2020, Ekiti, 4, 0, 2, 0, 1, 1, 1, 9,
22-04-2020, Ondo, 3, 0, 1, 0, 0, 0, 2, 2,
22-04-2020, Rivers, 3, 0, 2, 0, 0, 0, 1, 1,
22-04-2020, Niger, 2, 0, 0, 0, 0, 0, 2, 26,
22-04-2020, Enugu, 2, 0, 2, 0, 0, 0, 0, 5,
22-04-2020, Jigawa, 2, 0, 0, 0, 0, 0, 2, 3,
22-04-2020, Abia, 2, 0, 0, 0, 0, 0, 2, 2,
22-04-2020, Benue, 1, 0, 0, 0, 0, 0, 1, 25,
22-04-2020, Anambra, 1, 0, 0, 0, 0, 0, 1, 12,
22-04-2020, Sokoto, 1, 0, 0, 0, 0, 0, 1, 2,
22-04-2020, Adamawa, 1, 1, 0, 0, 0, 0, 1, 0,
21-04-2020, Lagos, 430, 59, 106, 9, 15, 2, 309, 0,
21-04-2020, FCT, 118, 29, 35, 0, 3, 0, 80, 0,
21-04-2020, Kano, 73, 14, 0, 0, 1, 0, 72, 0,
21-04-2020, Osun, 20, 0, 18, 0, 0, 0, 2, 18,
21-04-2020, Ogun, 20, 3, 5, 0, 0, 0, 15, 0,
21-04-2020, Oyo, 16, 0, 5, 0, 0, 0, 11, 7,
21-04-2020, Katsina, 16, 4, 0, 0, 1, 0, 15, 0,
21-04-2020, Edo, 15, 0, 7, 0, 2, 1, 6, 2,
21-04-2020, Kwara, 9, 0, 2, 0, 0, 0, 7, 11,
21-04-2020, Akwa, 9, 0, 3, 0, 1, 0, 5, 2,
21-04-2020, Kaduna, 9, 0, 4, 0, 0, 0, 5, 1,
21-04-2020, Borno, 9, 6, 0, 0, 1, 0, 8, 0,
21-04-2020, Bauchi, 8, 1, 5, 0, 0, 0, 3, 0,
21-04-2020, Gombe, 5, 0, 0, 0, 0, 0, 5, 6,
21-04-2020, Delta, 4, 0, 0, 0, 1, 0, 3, 1,
21-04-2020, Ekiti, 4, 0, 2, 0, 0, 0, 2, 8,
21-04-2020, Ondo, 3, 0, 1, 0, 0, 0, 2, 1,
21-04-2020, Rivers, 3, 1, 2, 0, 0, 0, 1, 0,
21-04-2020, Niger, 2, 0, 0, 0, 0, 0, 2, 25,
21-04-2020, Enugu, 2, 0, 2, 0, 0, 0, 0, 4,
21-04-2020, Jigawa, 2, 0, 0, 0, 0, 0, 2, 2,
21-04-2020, Abia, 2, 0, 0, 0, 0, 0, 2, 1,
21-04-2020, Benue, 1, 0, 0, 0, 0, 0, 1, 24,
21-04-2020, Anambra, 1, 0, 0, 0, 0, 0, 1, 11,
21-04-2020, Sokoto, 1, 0, 0, 0, 0, 0, 1, 1,
20-04-2020, Lagos, 376, 0, 97, 0, 13, 0, 266, 2,
20-04-2020, FCT, 89, 1, 35, 12, 3, 1, 51, 1,
20-04-2020, Kano, 59, 23, 0, 0, 1, 0, 58, 1,
20-04-2020, Osun, 20, 0, 18, 0, 0, 0, 2, 18,
20-04-2020, Oyo, 16, 0, 5, 0, 0, 0, 11, 3,
20-04-2020, Edo, 15, 0, 7, 1, 1, 0, 8, 7,
20-04-2020, Ogun, 12, 0, 5, 0, 0, 0, 7, 3,
20-04-2020, Katsina, 12, 0, 0, 0, 1, 0, 11, 2,
20-04-2020, Kwara, 9, 0, 2, 0, 0, 0, 7, 11,
20-04-2020, Akwa, 9, 0, 3, 0, 1, 0, 5, 2,
20-04-2020, Kaduna, 9, 3, 4, 0, 0, 0, 5, 1,
20-04-2020, Bauchi, 7, 0, 5, 4, 0, 0, 6, 2,
20-04-2020, Gombe, 5, 5, 0, 0, 0, 0, 5, 1,
20-04-2020, Delta, 4, 0, 0, 0, 1, 0, 3, 6,
20-04-2020, Ekiti, 4, 1, 2, 0, 0, 0, 2, 1,
20-04-2020, Ondo, 3, 0, 1, 1, 0, 0, 3, 8,
20-04-2020, Borno, 3, 2, 0, 0, 1, 0, 2, 1,
20-04-2020, Rivers, 2, 0, 2, 0, 0, 0, 0, 6,
20-04-2020, Niger, 2, 0, 0, 0, 0, 0, 2, 25,
20-04-2020, Enugu, 2, 0, 2, 0, 0, 0, 0, 4,
20-04-2020, Jigawa, 2, 0, 0, 0, 0, 0, 2, 2,
20-04-2020, Abia, 2, 2, 0, 0, 0, 0, 2, 1,
20-04-2020, Benue, 1, 0, 0, 0, 0, 0, 1, 24,
20-04-2020, Anambra, 1, 0, 0, 0, 0, 0, 1, 11,
20-04-2020, Sokoto, 1, 1, 0, 0, 0, 0, 1, 1,
19-04-2020, Lagos, 376, 70, 97, 4, 13, 0, 266, 0,
19-04-2020, FCT, 88, 7, 23, 0, 2, 0, 63, 0,
19-04-2020, Kano, 36, 0, 0, 0, 1, 0, 35, 1,
19-04-2020, Osun, 20, 0, 18, 0, 0, 0, 2, 16,
19-04-2020, Oyo, 16, 0, 5, 0, 0, 0, 11, 1,
19-04-2020, Edo, 15, 0, 6, 0, 1, 0, 8, 5,
19-04-2020, Ogun, 12, 0, 5, 0, 0, 0, 7, 1,
19-04-2020, Katsina, 12, 3, 0, 0, 1, 0, 11, 0,
19-04-2020, Kwara, 9, 0, 2, 0, 0, 0, 7, 9,
19-04-2020, Akwa, 9, 3, 3, 0, 1, 1, 5, 0,
19-04-2020, Bauchi, 7, 1, 1, 0, 0, 0, 6, 0,
19-04-2020, Kaduna, 6, 0, 4, 0, 0, 0, 2, 11,
19-04-2020, Delta, 4, 0, 0, 0, 1, 0, 3, 4,
19-04-2020, Ekiti, 3, 0, 2, 0, 0, 0, 1, 18,
19-04-2020, Ondo, 3, 0, 0, 0, 0, 0, 3, 6,
19-04-2020, Rivers, 2, 0, 2, 0, 0, 0, 0, 4,
19-04-2020, Niger, 2, 0, 0, 0, 0, 0, 2, 23,
19-04-2020, Enugu, 2, 0, 2, 0, 0, 0, 0, 2,
19-04-2020, Jigawa, 2, 1, 0, 0, 0, 0, 2, 0,
19-04-2020, Benue, 1, 0, 0, 0, 0, 0, 1, 22,
19-04-2020, Anambra, 1, 0, 0, 0, 0, 0, 1, 9,
19-04-2020, Borno, 1, 1, 0, 0, 1, 1, 0, 0,
18-04-2020, Lagos, 306, 23, 93, 3, 13, 2, 200, 0,
18-04-2020, FCT, 81, 12, 23, 0, 2, 0, 56, 0,
18-04-2020, Kano, 37, 10, 0, 0, 1, 0, 36, 0,
18-04-2020, Osun, 20, 0, 18, 1, 0, 0, 2, 15,
18-04-2020, Oyo, 16, 1, 5, 0, 0, 0, 11, 0,
18-04-2020, Edo, 15, 0, 6, 0, 1, 0, 8, 4,
18-04-2020, Ogun, 12, 2, 5, 0, 0, 0, 7, 0,
18-04-2020, Katsina, 9, 0, 0, 0, 1, 0, 8, 1,
18-04-2020, Kwara, 9, 0, 2, 2, 0, 0, 7, 8,
18-04-2020, Kaduna, 6, 0, 4, 0, 0, 0, 2, 10,
18-04-2020, Bauchi, 6, 0, 1, 1, 0, 0, 5, 4,
18-04-2020, Akwa, 6, 0, 3, 0, 0, 0, 3, 1,
18-04-2020, Delta, 4, 0, 0, 0, 1, 0, 3, 3,
18-04-2020, Ekiti, 4, 1, 2, 0, 0, 0, 2, 0,
18-04-2020, Ondo, 3, 0, 0, 0, 0, 0, 3, 5,
18-04-2020, Rivers, 2, 0, 2, 0, 0, 0, 0, 3,
18-04-2020, Niger, 2, 0, 0, 0, 0, 0, 2, 22,
18-04-2020, Enugu, 2, 0, 2, 0, 0, 0, 0, 1,
18-04-2020, Benue, 1, 0, 0, 0, 0, 0, 1, 21,
18-04-2020, Anambra, 1, 0, 0, 0, 0, 0, 1, 8,
17-04-2020, Lagos, 283, 32, 90, 0, 11, 4, 182, 0,
17-04-2020, FCT, 69, 2, 23, 0, 2, 0, 44, 0,
17-04-2020, Kano, 27, 6, 0, 0, 1, 0, 26, 0,
17-04-2020, Osun, 20, 0, 17, 0, 0, 0, 3, 14,
17-04-2020, Edo, 15, 0, 6, 1, 1, 0, 8, 3,
17-04-2020, Oyo, 15, 2, 5, 0, 0, 0, 10, 0,
17-04-2020, Ogun, 10, 1, 5, 0, 0, 0, 5, 0,
17-04-2020, Katsina, 9, 2, 0, 0, 1, 0, 8, 0,
17-04-2020, Kwara, 9, 5, 0, 0, 0, 0, 9, 7,
17-04-2020, Kaduna, 6, 0, 4, 4, 0, 0, 2, 9,
17-04-2020, Bauchi, 6, 0, 0, 0, 0, 0, 6, 3,
17-04-2020, Akwa, 6, 0, 3, 0, 0, 0, 3, 0,
17-04-2020, Delta, 4, 0, 0, 0, 1, 0, 3, 2,
17-04-2020, Ondo, 3, 0, 0, 0, 0, 0, 3, 4,
17-04-2020, Ekiti, 3, 1, 2, 1, 0, 0, 1, 11,
17-04-2020, Rivers, 2, 0, 2, 1, 0, 0, 0, 2,
17-04-2020, Niger, 2, 0, 0, 0, 0, 0, 2, 21,
17-04-2020, Enugu, 2, 0, 2, 0, 0, 0, 0, 0,
17-04-2020, Benue, 1, 0, 0, 0, 0, 0, 1, 20,
17-04-2020, Anambra, 1, 0, 0, 0, 0, 0, 1, 7,
16-04-2020, Lagos, 251, 19, 90, 5, 7, 0, 154, 0,
16-04-2020, FCT, 67, 9, 23, 0, 2, 0, 42, 0,
16-04-2020, Kano, 21, 5, 0, 0, 1, 1, 20, 0,
16-04-2020, Osun, 20, 0, 17, 6, 0, 0, 3, 13,
16-04-2020, Edo, 15, 0, 5, 5, 1, 0, 9, 2,
16-04-2020, Oyo, 13, 2, 5, 1, 0, 0, 8, 0,
16-04-2020, Ogun, 9, 0, 5, 3, 0, 0, 4, 3,
16-04-2020, Katsina, 7, 0, 0, 0, 1, 0, 6, 1,
16-04-2020, Kaduna, 6, 0, 0, 0, 0, 0, 6, 6,
16-04-2020, Bauchi, 6, 0, 0, 0, 0, 0, 6, 8,
16-04-2020, Akwa, 6, 0, 3, 3, 0, 0, 3, 2,
16-04-2020, Kwara, 4, 0, 0, 0, 0, 0, 4, 4,
16-04-2020, Delta, 4, 0, 0, 0, 1, 0, 3, 1,
16-04-2020, Ondo, 3, 0, 0, 0, 0, 0, 3, 3,
16-04-2020, Rivers, 2, 0, 1, 0, 0, 0, 1, 10,
16-04-2020, Niger, 2, 0, 0, 0, 0, 0, 2, 1,
16-04-2020, Enugu, 2, 0, 2, 1, 0, 0, 0, 20,
16-04-2020, Ekiti, 2, 0, 1, 0, 0, 0, 1, 15,
16-04-2020, Benue, 1, 0, 0, 0, 0, 0, 1, 19,
16-04-2020, Anambra, 1, 0, 0, 0, 0, 0, 1, 6,
15-04-2020, Lagos, 232, 18, 85, 16, 7, 1, 140, 0,
15-04-2020, FCT, 58, 0, 23, 12, 2, 0, 33, 1,
15-04-2020, Osun, 20, 0, 11, 0, 0, 0, 9, 12,
15-04-2020, Kano, 16, 12, 0, 0, 0, 0, 16, 0,
15-04-2020, Edo, 15, 0, 0, 0, 1, 0, 14, 1,
15-04-2020, Oyo, 11, 0, 4, 0, 0, 0, 7, 8,
15-04-2020, Ogun, 9, 0, 2, 0, 0, 0, 7, 2,
15-04-2020, Katsina, 7, 2, 0, 0, 1, 0, 6, 0,
15-04-2020, Bauchi, 6, 0, 0, 0, 0, 0, 6, 7,
15-04-2020, Kaduna, 6, 0, 0, 0, 0, 0, 6, 5,
15-04-2020, Akwa, 6, 0, 0, 0, 0, 0, 6, 1,
15-04-2020, Kwara, 4, 0, 0, 0, 0, 0, 4, 3,
15-04-2020, Delta, 4, 1, 0, 0, 1, 0, 3, 0,
15-04-2020, Ondo, 3, 0, 0, 0, 0, 0, 3, 2,
15-04-2020, Ekiti, 2, 0, 1, 0, 0, 0, 1, 14,
15-04-2020, Enugu, 2, 0, 1, 1, 0, 0, 1, 19,
15-04-2020, Rivers, 2, 0, 1, 0, 0, 0, 1, 9,
15-04-2020, Niger, 2, 1, 0, 0, 0, 0, 2, 0,
15-04-2020, Benue, 1, 0, 0, 0, 0, 0, 1, 18,
15-04-2020, Anambra, 1, 0, 0, 0, 0, 0, 1, 5,
14-04-2020, Lagos, 214, 25, 69, 8, 6, 1, 139, 0,
14-04-2020, FCT, 58, 2, 11, 0, 2, 0, 45, 0,
14-04-2020, Osun, 20, 0, 11, 0, 0, 0, 9, 11,
14-04-2020, Edo, 15, 1, 0, 0, 1, 0, 14, 0,
14-04-2020, Oyo, 11, 0, 4, 0, 0, 0, 7, 7,
14-04-2020, Ogun, 9, 0, 2, 0, 0, 0, 7, 1,
14-04-2020, Bauchi, 6, 0, 0, 0, 0, 0, 6, 6,
14-04-2020, Kaduna, 6, 0, 0, 0, 0, 0, 6, 4,
14-04-2020, Akwa, 6, 1, 0, 0, 0, 0, 6, 0,
14-04-2020, Katsina, 5, 0, 0, 0, 1, 0, 4, 2,
14-04-2020, Kwara, 4, 0, 0, 0, 0, 0, 4, 2,
14-04-2020, Kano, 4, 1, 0, 0, 0, 0, 4, 0,
14-04-2020, Delta, 3, 0, 0, 0, 1, 0, 2, 3,
14-04-2020, Ondo, 3, 0, 0, 0, 0, 0, 3, 1,
14-04-2020, Ekiti, 2, 0, 1, 0, 0, 0, 1, 13,
14-04-2020, Enugu, 2, 0, 0, 0, 0, 0, 2, 18,
14-04-2020, Rivers, 2, 0, 1, 0, 0, 0, 1, 8,
14-04-2020, Benue, 1, 0, 0, 0, 0, 0, 1, 17,
14-04-2020, Anambra, 1, 0, 0, 0, 0, 0, 1, 4,
14-04-2020, Niger, 1, 0, 0, 0, 0, 0, 1, 4,
13-04-2020, Lagos, 189, 13, 61, 6, 5, 0, 123, 0,
13-04-2020, FCT, 56, 0, 11, 0, 2, 0, 43, 3,
13-04-2020, Osun, 20, 0, 11, 0, 0, 0, 9, 10,
13-04-2020, Edo, 14, 2, 0, 0, 1, 0, 13, 0,
13-04-2020, Oyo, 11, 0, 4, 0, 0, 0, 7, 6,
13-04-2020, Ogun, 9, 2, 2, 0, 0, 0, 7, 0,
13-04-2020, Bauchi, 6, 0, 0, 0, 0, 0, 6, 5,
13-04-2020, Kaduna, 6, 0, 0, 0, 0, 0, 6, 3,
13-04-2020, Akwa, 5, 0, 0, 0, 0, 0, 5, 12,
13-04-2020, Katsina, 5, 0, 0, 0, 1, 0, 4, 1,
13-04-2020, Kwara, 4, 0, 0, 0, 0, 0, 4, 1,
13-04-2020, Delta, 3, 0, 0, 0, 1, 0, 2, 2,
13-04-2020, Ondo, 3, 1, 0, 0, 0, 0, 3, 0,
13-04-2020, Kano, 3, 2, 0, 0, 0, 0, 3, 0,
13-04-2020, Ekiti, 2, 0, 1, 0, 0, 0, 1, 12,
13-04-2020, Enugu, 2, 0, 0, 0, 0, 0, 2, 17,
13-04-2020, Rivers, 2, 0, 1, 0, 0, 0, 1, 7,
13-04-2020, Benue, 1, 0, 0, 0, 0, 0, 1, 16,
13-04-2020, Anambra, 1, 0, 0, 0, 0, 0, 1, 3,
13-04-2020, Niger, 1, 0, 0, 0, 0, 0, 1, 3,
12-04-2020, Lagos, 176, 2, 55, 5, 5, 0, 116, 0,
12-04-2020, FCT, 56, 0, 11, 0, 2, 0, 43, 2,
12-04-2020, Osun, 20, 0, 11, 10, 0, 0, 9, 9,
12-04-2020, Edo, 12, 0, 0, 0, 1, 0, 11, 4,
12-04-2020, Oyo, 11, 0, 4, 0, 0, 0, 7, 5,
12-04-2020, Ogun, 7, 0, 2, 0, 0, 0, 5, 12,
12-04-2020, Bauchi, 6, 0, 0, 0, 0, 0, 6, 4,
12-04-2020, Kaduna, 6, 0, 0, 0, 0, 0, 6, 2,
12-04-2020, Akwa, 5, 0, 0, 0, 0, 0, 5, 11,
12-04-2020, Katsina, 5, 1, 0, 0, 1, 0, 4, 0,
12-04-2020, Kwara, 4, 2, 0, 0, 0, 0, 4, 0,
12-04-2020, Delta, 3, 0, 0, 0, 1, 0, 2, 1,
12-04-2020, Ekiti, 2, 0, 1, 0, 0, 0, 1, 11,
12-04-2020, Enugu, 2, 0, 0, 0, 0, 0, 2, 16,
12-04-2020, Rivers, 2, 0, 1, 0, 0, 0, 1, 6,
12-04-2020, Ondo, 2, 0, 0, 0, 0, 0, 2, 2,
12-04-2020, Benue, 1, 0, 0, 0, 0, 0, 1, 15,
12-04-2020, Anambra, 1, 0, 0, 0, 0, 0, 1, 2,
12-04-2020, Niger, 1, 0, 0, 0, 0, 0, 1, 2,
12-04-2020, Kano, 1, 0, 0, 0, 0, 0, 1, 1,
11-04-2020, Lagos, 174, 11, 50, 4, 5, 3, 119, 0,
11-04-2020, FCT, 56, 0, 11, 4, 2, 0, 43, 1,
11-04-2020, Osun, 20, 0, 1, 0, 0, 0, 19, 8,
11-04-2020, Edo, 12, 0, 0, 0, 1, 0, 11, 3,
11-04-2020, Oyo, 11, 0, 4, 4, 0, 0, 7, 4,
11-04-2020, Ogun, 7, 0, 2, 0, 0, 0, 5, 11,
11-04-2020, Bauchi, 6, 0, 0, 0, 0, 0, 6, 3,
11-04-2020, Kaduna, 6, 0, 0, 0, 0, 0, 6, 1,
11-04-2020, Akwa, 5, 0, 0, 0, 0, 0, 5, 10,
11-04-2020, Katsina, 4, 0, 0, 0, 1, 0, 3, 1,
11-04-2020, Delta, 3, 1, 0, 0, 1, 0, 2, 0,
11-04-2020, Ekiti, 2, 0, 1, 0, 0, 0, 1, 10,
11-04-2020, Enugu, 2, 0, 0, 0, 0, 0, 2, 15,
11-04-2020, Rivers, 2, 0, 1, 0, 0, 0, 1, 5,
11-04-2020, Kwara, 2, 0, 0, 0, 0, 0, 2, 5,
11-04-2020, Ondo, 2, 0, 0, 0, 0, 0, 2, 1,
11-04-2020, Benue, 1, 0, 0, 0, 0, 0, 1, 14,
11-04-2020, Anambra, 1, 0, 0, 0, 0, 0, 1, 1,
11-04-2020, Niger, 1, 0, 0, 0, 0, 0, 1, 1,
11-04-2020, Kano, 1, 1, 0, 0, 0, 0, 1, 0,
10-04-2020, Lagos, 163, 8, 46, 7, 2, 0, 118, 0,
10-04-2020, FCT, 56, 2, 7, 0, 2, 0, 47, 0,
10-04-2020, Osun, 20, 0, 1, 0, 0, 0, 19, 7,
10-04-2020, Edo, 12, 0, 0, 0, 1, 0, 11, 2,
10-04-2020, Oyo, 11, 0, 0, 0, 0, 0, 11, 3,
10-04-2020, Bauchi, 6, 0, 0, 0, 0, 0, 6, 2,
10-04-2020, Kaduna, 6, 1, 0, 0, 0, 0, 6, 0,
10-04-2020, Akwa, 5, 0, 0, 0, 0, 0, 5, 9,
10-04-2020, Ogun, 7, 0, 2, 0, 0, 0, 2, 10,
10-04-2020, Katsina, 4, 3, 0, 0, 1, 0, 3, 0,
10-04-2020, Ekiti, 2, 0, 1, 0, 0, 0, 1, 9,
10-04-2020, Enugu, 2, 0, 0, 0, 0, 0, 2, 14,
10-04-2020, Rivers, 2, 0, 1, 0, 0, 0, 1, 4,
10-04-2020, Kwara, 2, 0, 0, 0, 0, 0, 2, 4,
10-04-2020, Delta, 2, 0, 0, 0, 1, 0, 1, 1,
10-04-2020, Ondo, 2, 1, 0, 0, 0, 0, 2, 0,
10-04-2020, Benue, 1, 0, 0, 0, 0, 0, 1, 13,
10-04-2020, Anambra, 1, 1, 0, 0, 0, 0, 1, 0,
10-04-2020, Niger, 1, 1, 0, 0, 0, 0, 1, 0,
09-04-2020, Lagos, 158, 13, 39, 7, 2, 0, 117, 0,
09-04-2020, FCT, 54, 0, 7, 0, 2, 0, 45, 1,
09-04-2020, Osun, 20, 0, 1, 0, 0, 0, 19, 6,
09-04-2020, Edo, 12, 0, 0, 0, 1, 0, 11, 1,
09-04-2020, Oyo, 11, 0, 0, 0, 0, 0, 11, 2,
09-04-2020, Bauchi, 6, 0, 0, 0, 0, 0, 6, 1,
09-04-2020, Akwa, 5, 0, 0, 0, 0, 0, 5, 8,
09-04-2020, Kaduna, 5, 0, 0, 0, 0, 0, 5, 4,
09-04-2020, Ogun, 4, 0, 2, 0, 0, 0, 2, 9,
09-04-2020, Ekiti, 2, 0, 1, 0, 0, 0, 1, 8,
09-04-2020, Enugu, 2, 0, 0, 0, 0, 0, 2, 13,
09-04-2020, Rivers, 2, 0, 1, 0, 0, 0, 1, 3,
09-04-2020, Kwara, 2, 0, 0, 0, 0, 0, 2, 3,
09-04-2020, Delta, 2, 1, 0, 0, 1, 1, 1, 0,
09-04-2020, Benue, 1, 0, 0, 0, 0, 0, 1, 12,
09-04-2020, Ondo, 1, 0, 0, 0, 0, 0, 1, 6,
09-04-2020, Katsina, 1, 0, 0, 0, 1, 0, 0, 2,
08-04-2020, Lagos, 145, 15, 32, 0, 2, 0, 111, 0,
08-04-2020, FCT, 54, 4, 7, 0, 2, 0, 45, 0,
08-04-2020, Osun, 20, 0, 1, 0, 0, 0, 19, 5,
08-04-2020, Edo, 12, 1, 0, 0, 1, 0, 11, 0,
08-04-2020, Oyo, 11, 0, 0, 0, 0, 0, 11, 1,
08-04-2020, Bauchi, 8, 2, 0, 0, 0, 0, 8, 0,
08-04-2020, Akwa, 5, 0, 0, 0, 0, 0, 5, 7,
08-04-2020, Kaduna, 5, 0, 0, 0, 0, 0, 5, 3,
08-04-2020, Ogun, 4, 0, 2, 0, 0, 0, 2, 8,
08-04-2020, Ekiti, 2, 0, 1, 0, 0, 0, 1, 7,
08-04-2020, Enugu, 2, 0, 0, 0, 0, 0, 2, 12,
08-04-2020, Rivers, 2, 0, 1, 0, 0, 0, 1, 2,
08-04-2020, Kwara, 2, 0, 0, 0, 0, 0, 2, 2,
08-04-2020, Benue, 1, 0, 0, 0, 0, 0, 1, 11,
08-04-2020, Ondo, 1, 0, 0, 0, 0, 0, 1, 5,
08-04-2020, Delta, 1, 0, 0, 0, 0, 0, 1, 1,
08-04-2020, Katsina, 1, 0, 0, 0, 1, 0, 0, 1,
07-04-2020, Lagos, 130, 10, 32, 1, 2, 0, 96, 0,
07-04-2020, FCT, 50, 2, 7, 7, 2, 0, 41, 0,
07-04-2020, Osun, 20, 0, 1, 0, 0, 0, 19, 4,
07-04-2020, Edo, 11, 0, 0, 0, 1, 0, 10, 1,
07-04-2020, Oyo, 11, 2, 0, 0, 0, 0, 11, 0,
07-04-2020, Bauchi, 6, 0, 0, 0, 0, 0, 6, 3,
07-04-2020, Akwa, 5, 0, 0, 0, 0, 0, 5, 6,
07-04-2020, Kaduna, 5, 0, 0, 0, 0, 0, 5, 2,
07-04-2020, Ogun, 4, 0, 2, 0, 0, 0, 2, 7,
07-04-2020, Ekiti, 2, 0, 1, 0, 0, 0, 1, 6,
07-04-2020, Enugu, 2, 0, 0, 0, 0, 0, 2, 11,
07-04-2020, Rivers, 2, 0, 1, 1, 0, 0, 1, 1,
07-04-2020, Kwara, 2, 0, 0, 0, 0, 0, 2, 1,
07-04-2020, Benue, 1, 0, 0, 0, 0, 0, 1, 10,
07-04-2020, Ondo, 1, 0, 0, 0, 0, 0, 1, 4,
07-04-2020, Delta, 1, 1, 0, 0, 0, 0, 1, 0,
07-04-2020, Katsina, 1, 1, 0, 0, 1, 1, 0, 0,
06-04-2020, Lagos, 120, 0, 31, 1, 2, 0, 87, 1,
06-04-2020, Abuja, 48, 1, 0, 0, 2, 0, 46, 1,
06-04-2020, Osun, 20, 0, 1, 1, 0, 0, 19, 3,
06-04-2020, Edo, 11, 2, 0, 0, 1, 0, 10, 1,
06-04-2020, Oyo, 9, 0, 0, 0, 0, 0, 9, 7,
06-04-2020, Bauchi, 6, 0, 0, 0, 0, 0, 6, 2,
06-04-2020, Akwa, 5, 0, 0, 0, 0, 0, 5, 5,
06-04-2020, Kaduna, 5, 0, 0, 0, 0, 0, 5, 1,
06-04-2020, Ogun, 4, 0, 2, 0, 0, 0, 2, 6,
06-04-2020, Ekiti, 2, 0, 1, 0, 0, 0, 1, 5,
06-04-2020, Enugu, 2, 0, 0, 0, 0, 0, 2, 10,
06-04-2020, Rivers, 2, 1, 0, 0, 0, 0, 1, 1,
06-04-2020, Kwara, 2, 2, 0, 0, 0, 0, 2, 1,
06-04-2020, Benue, 1, 0, 0, 0, 0, 0, 1, 9,
06-04-2020, Ondo, 1, 0, 0, 0, 0, 0, 1, 3,
05-04-2020, Lagos, 120, 0, 30, 0, 2, 0, 0, 0,
05-04-2020, FCT, 47, 0, 0, 0, 2, 0, 0, 0,
05-04-2020, Osun, 20, 0, 0, 0, 0, 0, 0, 0,
05-04-2020, Oyo, 9, 0, 0, 0, 0, 0, 0, 0,
05-04-2020, Edo, 9, 0, 0, 0, 1, 0, 0, 0,
05-04-2020, Bauchi, 6, 0, 0, 0, 0, 0, 0, 0,
05-04-2020, Akwa, 5, 0, 0, 0, 0, 0, 0, 0,
05-04-2020, Kaduna, 5, 0, 0, 0, 0, 0, 0, 0,
05-04-2020, Ogun, 4, 0, 2, 0, 0, 0, 0, 0,
05-04-2020, Enugu, 2, 0, 0, 0, 0, 0, 0, 0,
05-04-2020, Ekiti, 2, 0, 1, 0, 0, 0, 0, 0,
05-04-2020, Benue, 1, 0, 0, 0, 0, 0, 0, 0,
05-04-2020, Rivers, 1, 0, 0, 0, 0, 0, 0, 0,
05-04-2020, Ondo, 1, 0, 0, 0, 0, 0, 0, 0,
04-04-2020, Lagos, 109, 0, 22, 0,  1, 0, 0, 0,
04-04-2020, FCT, 43, 0, 0, 0,  2, 0, 0, 0,
04-04-2020, Osun, 20, 0, 0, 0,  0, 0, 0, 0,
04-04-2020, Oyo, 9, 0, 0, 0,  0, 0, 0, 0,
04-04-2020, Edo, 7, 0, 0, 0,  1, 0, 0, 0,
04-04-2020, Bauchi, 6, 0, 0, 0,  0, 0, 0, 0,
04-04-2020, Akwa, 5, 0, 0, 0,  0, 0, 0, 0,
04-04-2020, Ogun, 4, 0, 2, 0,  0, 0, 0, 0,
04-04-2020, Kaduna, 4, 0, 0, 0,  0, 0, 0, 0,
04-04-2020, Enugu, 2, 0, 0, 0,  0, 0, 0, 0,
04-04-2020, Ekiti, 2, 0, 1, 0,  0, 0, 0, 0,
04-04-2020, Benue, 1, 0, 0, 0,  0, 0, 0, 0,
04-04-2020, Rivers, 1, 0, 0, 0,  0, 0, 0, 0,
04-04-2020, Ondo, 1, 0, 0, 0,  0, 0, 0, 0,
03-04-2020, Lagos, 109, NaN, 22,NaN, 1,0,0,0,
03-04-2020, FCT, 41, NaN, 0,NaN, 2,0,0,0,
03-04-2020, Osun, 22, NaN, 0,NaN, 0,0,0,0,
03-04-2020, Oyo, 8, NaN, 0,NaN, 0,0,0,0,
03-04-2020, Akwa, 5, NaN, 0,NaN, 0,0,0,0,
03-04-2020, Ogun, 4, NaN, 2,NaN, 0,0,0,0,
03-04-2020, Kaduna, 4, NaN, 0,NaN, 0,0,0,0,
03-04-2020, Edo, 7, NaN, 0,NaN, 1,0,0,0,
03-04-2020, Bauchi, 3, NaN, 0,NaN, 0,0,0,0,
03-04-2020, Enugu, 2, NaN, 0,NaN, 0,0,0,0,
03-04-2020, Ekiti, 2, NaN, 1,NaN, 0,0,0,0,
03-04-2020, Benue, 1, NaN, 0,NaN, 0,0,0,0,
03-04-2020, Rivers, 1, NaN, 0,NaN, 0,0,0,0,
03-04-2020, Ondo, 1, NaN, 0,NaN,,0,0,0,
02-04-2020, Lagos, 98, NaN, 17,NaN, 0,NaN,NaN,NaN,
02-04-2020, FCT, 38, NaN, 0,NaN, 2,NaN,NaNNaN,
02-04-2020, Osun, 14, NaN, 0,NaN, 0,NaN,NaN,NaN,
02-04-2020, Oyo, 8, NaN, 0,NaN, 0,NaN,NaN,NaN,
02-04-2020, Akwa, 5, NaN, 0,NaN, 0,NaN,NaNNaN,
02-04-2020, Ogun, 4, NaN, 2,NaN, 0,NaN,NaNNaN,
02-04-2020, Kaduna, 4, NaN, 0,NaN, 0,NaN,NaN,NaN,
02-04-2020, Edo, 4, NaN, 0,NaN, 0,NaN,NaN,NaN,
02-04-2020, Bauchi, 3, NaN, 0,NaN, 0,NaN,NaN,NaN,
02-04-2020, Enugu, 2, NaN, 0,NaN, 0,NaN,NaN,NaN,
02-04-2020, Ekiti, 2, NaN, 1,NaN, 0,NaN,NaN,NaN,
02-04-2020, Benue, 1, NaN, 0,NaN, 0,NaN,NaN,NaN,
02-04-2020, Rivers, 1, NaN, 0,NaN, 0,NaN,NaN,NaN,
01-04-2020, Lagos, 91,NaN, 6,NaN, 0, NaN,NaN,NaN,
01-04-2020, Akwa, 5,NaN, 0,NaN, 0, NaN,NaN,NaN,
01-04-2020, FCT, 35,NaN, 0,NaN, 2, NaN,NaN,NaN,
01-04-2020, Oyo, 8,NaN, 0,NaN, 0, NaN,NaN,NaN,
01-04-2020, Osun, 14,NaN, 0,NaN, 0, NaN,NaN,NaN,
01-04-2020, Ogun, 4,NaN, 2,NaN, 0, NaN,NaN,NaN,
01-04-2020, Kaduna, 4,NaN, 0,NaN, 0, NaN,NaN,NaN,
01-04-2020, Bauchi, 3,NaN, 0,NaN, 0, NaN,NaN,NaN,
01-04-2020, Edo, 4,NaN, 0,NaN, 0, NaN,NaN,NaN,
01-04-2020, Enugu, 2,NaN, 0,NaN, 0, NaN,NaN,NaN,
01-04-2020, Benue, 1,NaN, 0,NaN, 0, NaN,NaN,NaN,
01-04-2020, Ekiti, 2,NaN, 1,NaN, 0, NaN,NaN,NaN,
01-04-2020, Rivers, 1,NaN, 0,NaN, 0, NaN,NaN,NaN,
31-03-2020, Lagos, 82, NaN, 6, Nan, 0, Nan, Nan, Nan,
31-03-2020, FCT, 28, NaN, 0, Nan, 2, Nan, Nan, Nan,
31-03-2020, Oyo, 8, NaN, 0, Nan, 0, Nan, Nan, Nan,
31-03-2020, Osun, 5, NaN, 0, Nan, 0, Nan, Nan, Nan,
31-03-2020, Ogun, 4, NaN, 2, Nan, 0, Nan, Nan, Nan,
31-03-2020, Kaduna, 3, NaN, 0, Nan, 0, Nan, Nan, Nan,
31-03-2020, Bauchi, 2, NaN, 0, Nan, 0, Nan, Nan, Nan,
31-03-2020, Edo, 2, NaN, 0, Nan, 0, Nan, Nan, Nan,
31-03-2020, Enugu, 2, NaN, 0, Nan, 0, Nan, Nan, Nan,
31-03-2020, Benue, 1, NaN, 0, Nan, 0, Nan, Nan, Nan,
31-03-2020, Ekiti, 1, NaN, 1, Nan, 0, Nan, Nan, Nan,
31-03-2020, Rivers, 1, NaN, 0, Nan, 0, Nan, Nan, Nan,
30-03-2020, Lagos, 81, NaN, 6, Nan, 0, Nan, Nan, Nan,
30-03-2020, FCT, 25, NaN, 0, Nan, 2, Nan, Nan, Nan,
30-03-2020, Oyo, 8, NaN, 0, Nan, 0, Nan, Nan, Nan,
30-03-2020, Kaduna, 3, NaN, -,  Nan,0, Nan, Nan, Nan,
30-03-2020, Ogun, 3, NaN, 2, Nan, 0, Nan, Nan, Nan,
30-03-2020, Bauchi, 2, NaN, -,  Nan,0, Nan, Nan, Nan,
30-03-2020, Edo, 2, NaN, 0, Nan, 0, Nan, Nan, Nan,
30-03-2020, Enugu, 2, NaN, -,  Nan,0, Nan, Nan, Nan,
30-03-2020, Osun, 2, NaN, 0, Nan, 0, Nan, Nan, Nan,
30-03-2020, Benue, 1, NaN, -,  Nan,0, Nan, Nan, Nan,
30-03-2020, Ekiti, 1, NaN, 0, Nan, 0, Nan, Nan, Nan,
30-03-2020, Rivers, 1, NaN, -,  Nan,0, Nan, Nan, Nan,
29-03-2020, Lagos, 68, NaN, 1, Nan, 0, Nan, Nan, Nan,
29-03-2020, FCT, 21, NaN, 0, Nan, 1, Nan, Nan, Nan,
29-03-2020, Oyo, 7, NaN, 0, Nan, 0, Nan, Nan, Nan,
29-03-2020, Ogun, 3, NaN, 2, Nan, 0, Nan, Nan, Nan,
29-03-2020, Bauchi, 2, NaN, -,  Nan,0, Nan, Nan, Nan,
29-03-2020, Edo, 2, NaN, 0, Nan, 0, Nan, Nan, Nan,
29-03-2020, Enugu, 2, NaN, -,  Nan,0, Nan, Nan, Nan,
29-03-2020, Osun, 2, NaN, 0, Nan, 0, Nan, Nan, Nan,
29-03-2020, Benue, 1, NaN, -,  Nan,0, Nan, Nan, Nan,
29-03-2020, Ekiti, 1, NaN, 0, Nan, 0, Nan, Nan, Nan,
29-03-2020, Kaduna, 1, NaN, -,  Nan,0, Nan, Nan, Nan,
29-03-2020, Rivers, 1, NaN, -,  Nan,0, Nan, Nan, Nan,
28-03-2020, Lagos, 59, NaN, 1, Nan, 0, Nan, Nan, Nan,
28-03-2020, FCT, 16, NaN, 0, Nan, 1, Nan, Nan, Nan,
28-03-2020, Oyo, 7, NaN, 0, Nan, 0, Nan, Nan, Nan,
28-03-2020, Ogun, 3, NaN, 2, Nan, 0, Nan, Nan, Nan,
28-03-2020, Bauchi, 2, NaN, -,  Nan,0, Nan, Nan, Nan,
28-03-2020, Edo, 2, NaN, 0, Nan, 0, Nan, Nan, Nan,
28-03-2020, Enugu, 2, NaN, -,  Nan,0, Nan, Nan, Nan,
28-03-2020, Osun, 2, NaN, 0, Nan, 0, Nan, Nan, Nan,
28-03-2020, Benue, 1, NaN, -,  Nan,0, Nan, Nan, Nan,
28-03-2020, Ekiti, 1, NaN, 0, Nan, 0, Nan, Nan, Nan,
28-03-2020, Kaduna, 1, NaN, -,  Nan,0, Nan, Nan, Nan,
28-03-2020, Rivers, 1, NaN, -,  Nan,0, Nan, Nan, Nan,
28-03-2020, Akwa, 0, NaN, -,  Nan,0, Nan, Nan, Nan,
27-03-2020, Nan, 0, NaN,0, Nan,0, Nan, Nan, Nan,
26-03-2020, Akwa, 0, Nan, -, Nan, 0, Nan, Nan, Nan
26-03-2020, Adamawa, 0, Nan, -, Nan, 0, Nan, Nan, Nan
26-03-2020, Bauchi, 2, Nan, -, Nan, 0, Nan, Nan, Nan
26-03-2020, Bayelsa, 0, Nan, -, Nan, 0, Nan, Nan, Nan
26-03-2020, Cross, 0, Nan, -, Nan, 0, Nan, Nan, Nan
26-03-2020, Delta, 0, Nan, -, Nan, 0, Nan, Nan, Nan
26-03-2020, Ebonyi, 0, Nan, -, Nan, 0, Nan, Nan, Nan
26-03-2020, Edo, 1, Nan, 0, Nan, 0, Nan, Nan, Nan,
26-03-2020, Ekiti, 1, Nan, 0, Nan,0, Nan, Nan, Nan,
26-03-2020, Enugu, 0, Nan, -, Nan, 0, Nan, Nan, Nan
26-03-2020, FCT, 11, Nan,  0, Nan, 1, Nan, Nan, Nan,
26-03-2020, Jigawa, 0, Nan, -, Nan, 0, Nan, Nan, Nan
26-03-2020, Kaduna, 0, Nan, -, Nan, 0, Nan, Nan, Nan
26-03-2020, Kano, 0, Nan, -, Nan, 0, Nan, Nan, Nan
26-03-2020, Katsina, 0, Nan, -, Nan, 0, Nan, Nan, Nan
26-03-2020, Kebbi, 0, Nan, -, Nan, 0, Nan, Nan, Nan
26-03-2020, Lagos, 44, Nan,  1, Nan,0, 0 Nan, Nan, Nan,
26-03-2020, Nasarawa, 0, Nan, -, Nan, 0, Nan, Nan, Nan
26-03-2020, Ogun, 3, Nan, 2, Nan,0, 0 Nan, Nan, Nan,
26-03-2020, Ondo, 0, Nan, -, Nan, 0, Nan, Nan, Nan
26-03-2020, Osun, 1, Nan, 0, Nan, 0, Nan, Nan, Nan,
26-03-2020, Oyo, 1, Nan, 0, Nan, 0, Nan, Nan, Nan,
26-03-2020, Plateau, 0, Nan, -, Nan, 0, Nan, Nan, Nan
26-03-2020, Rivers, 1, Nan, -, Nan, 0, Nan, Nan, Nan
26-03-2020, Sokoto, 0, Nan, -, Nan, 0, Nan, Nan, Nan
26-03-2020, Yobe, 0, Nan, -, Nan, 0, Nan, Nan, Nan
25-03-2020, Akwa, 0, Nan, 0, Nan, 0, Nan,Nan,Nan,
25-03-2020, Adamawa, 0, Nan, 0, Nan, 0, Nan,Nan,Nan,
25-03-2020, Bauchi, 1, Nan, 0, Nan, 0, Nan,Nan,Nan,
25-03-2020, Bayelsa, 0, Nan, 0, Nan, 0, Nan,Nan,Nan,
25-03-2020, Cross, 0, Nan, 0, Nan, 0, Nan,Nan,Nan,
25-03-2020, Delta, 0, Nan, 0, Nan, 0, Nan,Nan,Nan,
25-03-2020, Ebonyi, 0, Nan, 0, Nan, 0, Nan,Nan,Nan,
25-03-2020, Edo, 1, Nan, 0, Nan, 0, Nan,Nan,Nan,
25-03-2020, Ekiti, 1, Nan, 0, Nan, 0, Nan,Nan,Nan,
25-03-2020, Enugu, 0, Nan, 0, Nan, 0, Nan,Nan,Nan,
25-03-2020, FCT, 10, Nan,  0, Nan, 1, Nan,Nan,Nan,
25-03-2020, Kano, 0, Nan, 0, Nan, 0, Nan,Nan,Nan,
25-03-2020, Katsina, 0, Nan, 0, Nan, 0, Nan,Nan,Nan,
25-03-2020, Kebbi, 0, Nan, 0, Nan, 0, Nan,Nan,Nan,
25-03-2020, Lagos, 32, Nan,  0, Nan, 0, Nan,Nan,Nan,
25-03-2020, Nasarawa, 0, Nan, 0, Nan, 0, Nan,Nan,Nan,
25-03-2020, Ogun, 3, Nan, 2, Nan, 0, Nan,Nan,Nan,
25-03-2020, Ondo, 0, Nan, 0, Nan, 0, Nan,Nan,Nan,
25-03-2020, Osun, 1, Nan, 0, Nan, 0, Nan,Nan,Nan,
25-03-2020, Oyo, 1, Nan, 0, Nan, 0, Nan,Nan,Nan,
25-03-2020, Plateau, 0, Nan, 0, Nan, 0, Nan,Nan,Nan,
25-03-2020, Rivers, 1, Nan, 0, Nan, 0, Nan,Nan,Nan,
25-03-2020, Sokoto, 0, Nan, 0, Nan, 0, Nan,Nan,Nan,
25-03-2020, Yobe, 0, Nan, 0, Nan, 0, Nan,Nan,Nan,
24-03-2020, Akwa, 0, Nan, 0, Nan, 0, Nan, Nan,Nan,
24-03-2020, Adamawa, 0, Nan, 0, Nan, 0, Nan, Nan,Nan,
24-03-2020, Bauchi, 1, Nan, 0, Nan, 0, Nan, Nan,Nan,
24-03-2020, Bayelsa, 0, Nan, 0, Nan, 0, Nan, Nan,Nan,
24-03-2020, Cross, 0, Nan, 0, Nan, 0, Nan, Nan,Nan,
24-03-2020, Delta, 0, Nan, 0, Nan, 0, Nan, Nan,Nan,
24-03-2020, Ebonyi, 0, Nan, 0, Nan, 0, Nan, Nan,Nan,
24-03-2020, Edo, 1, Nan, 0, Nan, 0, Nan, Nan,Nan,
24-03-2020, Ekiti, 1, Nan, 0, Nan, 0, Nan, Nan,Nan,
24-03-2020, Enugu, 0, Nan, 0, Nan, 0, Nan, Nan,Nan,
24-03-2020, FCT, 8, Nan, 0, Nan, 1, Nan, Nan,Nan,
24-03-2020, Kano, 0, Nan, 0, Nan, 0, Nan, Nan,Nan,
24-03-2020, Katsina, 0, Nan, 0, Nan, 0, Nan, Nan,Nan,
24-03-2020, Lagos, 29, Nan,  0, Nan, 0, Nan, Nan,Nan,
24-03-2020, Nasarawa, 0, Nan, 0, Nan, 0, Nan, Nan,Nan,
24-03-2020, Ogun, 3, Nan, 2, Nan, 0, Nan, Nan,Nan,
24-03-2020, Ondo, 0, Nan, 0, Nan, 0, Nan, Nan,Nan,
24-03-2020, Oyo, 1, Nan, 0, Nan, 0, Nan, Nan,Nan,
24-03-2020, Plateau, 0, Nan, 0, Nan, 0, Nan, Nan,Nan,
24-03-2020, Rivers, 0, Nan, 0, Nan, 0, Nan, Nan,Nan,
24-03-2020, Yobe, 0, Nan, 0, Nan, 0, Nan, Nan,Nan,
23-03-2020, Adamawa, 0, Nan, 0, Nan, 0, Nan,Nan,Nan,
23-03-2020, Akwa, 0, Nan, 0, Nan, 0, Nan,Nan,Nan,
23-03-2020, Bauchi, 0, Nan, 0, Nan, 0, Nan,Nan,Nan,
23-03-2020, Bayelsa, 0, Nan, 0, Nan, 0, Nan,Nan,Nan,
23-03-2020, Cross, 0, Nan, 0, Nan, 0, Nan,Nan,Nan,
23-03-2020, Delta, 0, Nan, 0, Nan, 0, Nan,Nan,Nan,
23-03-2020, Ebonyi, 0, Nan, 0, Nan, 0, Nan,Nan,Nan,
23-03-2020, Edo, 1, Nan, 0, Nan, 0, Nan,Nan,Nan,
23-03-2020, Ekiti, 1, Nan, 0, Nan, 0, Nan,Nan,Nan,
23-03-2020, Enugu, 0, Nan, 0, Nan, 0, Nan,Nan,Nan,
23-03-2020, FCT,  6, Nan, 0, Nan, 1, Nan,Nan,Nan,
23-03-2020, Kano, 0, Nan, 0, Nan, 0, Nan,Nan,Nan,
23-03-2020, Katsina, 0, Nan, 0, Nan, 0, Nan,Nan,Nan,
23-03-2020, Lagos,  25, Nan,  0, Nan, 0, Nan,Nan,Nan,
23-03-2020, Nasarawa, 0, Nan, 0, Nan, 0, Nan,Nan,Nan,
23-03-2020, Ogun, 2, Nan, 0, Nan, 0, Nan,Nan,Nan,
23-03-2020, Ondo, 0, Nan, 0, Nan, 0, Nan,Nan,Nan,
23-03-2020, Oyo, 1, Nan, 0, Nan, 0, Nan,Nan,Nan,
23-03-2020, Plateau, 0, Nan, 0, Nan, 0, Nan,Nan,Nan,
23-03-2020, Rivers, 0, Nan, 0, Nan, 0, Nan,Nan,Nan,
23-03-2020, Yobe, 0, Nan, 0, Nan, 0, Nan,Nan,Nan,
22-03-2020, Adamawa, 0, Nan, 0, Nan, -, Nan,Nan,Nan,
22-03-2020, Akwa, 0, Nan, 0, Nan, -, Nan,Nan,Nan,
22-03-2020, Bauchi, 0, Nan, 0, Nan, -, Nan,Nan,Nan,
22-03-2020, Bayelsa, 0, Nan, 0, Nan, -, Nan,Nan,Nan,
22-03-2020, Cross, 0, Nan, 0, Nan, -, Nan,Nan,Nan,
22-03-2020, Delta, 0, Nan, 0, Nan, -, Nan,Nan,Nan,
22-03-2020, Ebonyi, 0, Nan, 0, Nan, -, Nan,Nan,Nan,
22-03-2020, Edo, 0, Nan, 0, Nan, -, Nan,Nan,Nan,
22-03-2020, Ekiti, 1, Nan, 1, Nan, -, Nan,Nan,Nan,
22-03-2020, Enugu, 0, Nan, 0, Nan, -, Nan,Nan,Nan,
22-03-2020, FCT, 4, Nan, 4, Nan, 0, Nan,Nan,Nan,
22-03-2020, Kano, 0, Nan, 0, Nan, -, Nan,Nan,Nan,
22-03-2020, Katsina, 0, Nan, 0, Nan, -, Nan,Nan,Nan,
22-03-2020, Lagos, 22, Nan, 22, Nan, 0, Nan,Nan,Nan,
22-03-2020, Nasarawa, 0, Nan, 0, Nan, -, Nan,Nan,Nan,
22-03-2020, Ogun, 2, Nan, 0, Nan, 2, Nan,Nan,Nan,
22-03-2020, Ondo, 0, Nan, 0, Nan, -, Nan,Nan,Nan,
22-03-2020, Oyo, 1, Nan, 1, Nan, -, Nan,Nan,Nan,
22-03-2020, Plateau, 0, Nan, 0, Nan, -, Nan,Nan,Nan,
22-03-2020, Rivers, 0, Nan, 0, Nan, -, Nan,Nan,Nan,
22-03-2020, Yobe, 0, Nan, 0, Nan, -, Nan,Nan,Nan,
21-03-2020, Edo, 0, Nan, 0, Nan, -, Nan,Nan,Nan,
21-03-2020, Adamawa, 0, Nan, 0, Nan, -, Nan,Nan,Nan,
21-03-2020, Akwa, 0, 1, Nan, 0, 0,Nan,Nan,Nan
21-03-2020, Enugu, 0, Nan, 0, Nan, -, Nan,Nan,Nan,
21-03-2020, FCT, 3, Nan, 3, Nan, 0, Nan,Nan,Nan,
21-03-2020, Kano, 0, Nan, 0, Nan, -, Nan,Nan,Nan,
21-03-2020, Lagos, 19, Nan, 19, Nan, -, Nan,Nan,Nan,
21-03-2020, Ogun, 2, Nan, 0, Nan, 2, Nan,Nan,Nan,
21-03-2020, Nasarawa, 0, Nan, 0, Nan, -, Nan,Nan,Nan,
21-03-2020, Rivers, 0, Nan, 0, Nan, -, Nan,Nan,Nan,
21-03-2020, Yobe, 0, Nan, 0, Nan, -, Nan,Nan,Nan,
21-03-2020, Ekiti, 1, Nan, 1, Nan, -, Nan,Nan,Nan,
21-03-2020, Katsina, 0, Nan, 0, Nan, -, Nan,Nan,Nan,
21-03-2020, Ondo, 0, Nan, 0, Nan, -, Nan,Nan,Nan,
20-03-2020,
19-03-2020, Edo, 0, Nan, 0, Nan, -, 0, Nan, Nan,
19-03-2020, Akwa, 0, Nan, 0, Nan, -, 0, Nan, Nan,
19-03-2020, Enugu, 0, Nan, 0, Nan, -, 0, Nan, Nan,
19-03-2020, FCT, 0, Nan, 0, Nan, -, 0, Nan, Nan,
19-03-2020, Kano, 0, Nan, 0, Nan, -, 0, Nan, Nan,
19-03-2020, Lagos, 9, Nan, 8, Nan, 0, 0, Nan, Nan,
19-03-2020, Ogun, 2, Nan, 1, Nan, 1, 0, Nan, Nan,
19-03-2020, Nasarawa, 0, Nan, 0, Nan, -, 0, Nan, Nan,
19-03-2020, Rivers, 0, Nan, 0, Nan, -, 0, Nan, Nan,
19-03-2020, Yobe, 0, Nan, 0, Nan, -, 0, Nan, Nan,
19-03-2020, Ekiti, 1, Nan, 0, Nan, -, 0, Nan, Nan,
19-03-2020, Katsina, 0, Nan, 0, Nan, -, 0, Nan, Nan,
19-03-2020, Ondo, 0, Nan, 0, Nan, -, 0, Nan, Nan,
18-03-2020, Lagos, 5, Nan, 0, Nan, 0, Nan, Nan, Nan,
18-03-2020, Ekiti, 1, Nan, 0, Nan, 0, Nan, Nan, Nan,
18-03-2020, Ogun, 2, Nan, 1, Nan, 0, Nan, Nan, Nan,
17-03-2020, Lagos, 1, Nan, 0, Nan, 0, Nan, Nan, Nan,
17-03-2020, Ogun, 2, Nan, 1, Nan, 0, Nan, Nan, Nan,
16-03-2020, Lagos, 1, Nan, 0, Nan, 0, Nan, Nan, Nan,
15-03-2020, Ogun, 2, Nan, 1, Nan, 0, Nan, Nan, Nan,
14-03-2020, Ogun, 2, Nan, 1, Nan, 0, Nan, Nan, Nan,
13-03-2020, Ogun, 2, Nan, 1, Nan, 0, Nan, Nan, Nan,
12-03-2020, Ogun, 2, Nan, 1, Nan, 0, Nan, Nan, Nan,
11-03-2020, Ogun, 2, Nan, 1, Nan, 0, Nan, Nan, Nan,
10-03-2020, Ogun, 2, Nan, 1, Nan, 0, Nan, Nan, Nan,
09-03-2020, Ogun, 2, Nan, 1, Nan, 0, Nan, Nan, Nan,
08-03-2020, Ogun, 1, Nan, 0, Nan,0, Nan, Nan, Nan,
07-03-2020, Ogun, 1, Nan, 0, Nan,0, Nan, Nan, Nan,
06-03-2020, Ogun, 1, Nan, 0, Nan,0, Nan, Nan, Nan,
05-03-2020, Ogun, 1, Nan, 0, Nan,0, Nan, Nan, Nan,
04-03-2020, Ogun, 1, Nan, 0, Nan,0, Nan, Nan, Nan,
03-03-2020, Ogun, 1, Nan, 0, Nan,0, Nan, Nan, Nan,
02-03-2020, Ogun, 1, Nan, 0, Nan,0, Nan, Nan, Nan,
01-03-2020, Ogun, 1, Nan, 0, Nan,0, Nan, Nan, Nan,
29-02-2020, Ogun, 1, Nan, 0, Nan,0, Nan, Nan, Nan,